[{"model": "admin.logentry", "pk": 1, "fields": {"action_time": "2025-05-30T11:47:51.328Z", "user": 5, "content_type": 8, "object_id": "1", "object_repr": "Python - Low - In Python, 3 == \"3\" evaluates to True.", "action_flag": 1, "change_message": "[{\"added\": {}}]"}}, {"model": "admin.logentry", "pk": 2, "fields": {"action_time": "2025-05-30T11:58:31.456Z", "user": 5, "content_type": 8, "object_id": "1", "object_repr": "Python - Low - In Python, 3 == \"3\" evaluates to True.", "action_flag": 2, "change_message": "[{\"changed\": {\"fields\": [\"Correct answer\"]}}]"}}, {"model": "admin.logentry", "pk": 3, "fields": {"action_time": "2025-05-30T11:58:38.817Z", "user": 5, "content_type": 8, "object_id": "1", "object_repr": "Python - Low - In Python, 3 == \"3\" evaluates to True.", "action_flag": 2, "change_message": "[]"}}, {"model": "admin.logentry", "pk": 4, "fields": {"action_time": "2025-05-31T03:29:34.103Z", "user": 5, "content_type": 7, "object_id": "2", "object_repr": "Vaibhav", "action_flag": 2, "change_message": "[]"}}, {"model": "admin.logentry", "pk": 5, "fields": {"action_time": "2025-05-31T03:29:45.134Z", "user": 5, "content_type": 7, "object_id": "1", "object_repr": "Aayush", "action_flag": 2, "change_message": "[{\"changed\": {\"fields\": [\"Name\"]}}]"}}, {"model": "admin.logentry", "pk": 6, "fields": {"action_time": "2025-05-31T03:30:28.728Z", "user": 5, "content_type": 8, "object_id": "1", "object_repr": "Python - Low - In Python, 3 == \"3\" evaluates to True.", "action_flag": 2, "change_message": "[]"}}, {"model": "admin.logentry", "pk": 7, "fields": {"action_time": "2025-05-31T03:30:30.646Z", "user": 5, "content_type": 8, "object_id": "1", "object_repr": "Python - Low - In Python, 3 == \"3\" evaluates to True.", "action_flag": 2, "change_message": "[]"}}, {"model": "admin.logentry", "pk": 8, "fields": {"action_time": "2025-05-31T03:30:52.832Z", "user": 5, "content_type": 8, "object_id": "2", "object_repr": "Python - Low - Which data type is used to store a sequence of cha", "action_flag": 1, "change_message": "[{\"added\": {}}]"}}, {"model": "admin.logentry", "pk": 9, "fields": {"action_time": "2025-05-31T03:31:07.781Z", "user": 5, "content_type": 8, "object_id": "2", "object_repr": "Python - Low - Which data type is used to store a sequence of cha", "action_flag": 2, "change_message": "[{\"changed\": {\"fields\": [\"Correct answer\"]}}]"}}, {"model": "admin.logentry", "pk": 10, "fields": {"action_time": "2025-05-31T03:31:33.420Z", "user": 5, "content_type": 8, "object_id": "2", "object_repr": "Python - Low - Which data type is used to store a sequence of cha", "action_flag": 2, "change_message": "[]"}}, {"model": "admin.logentry", "pk": 11, "fields": {"action_time": "2025-05-31T03:32:00.847Z", "user": 5, "content_type": 8, "object_id": "3", "object_repr": "Python - Low - What is the output of the following code?\r\nx = 10\r", "action_flag": 1, "change_message": "[{\"added\": {}}]"}}, {"model": "admin.logentry", "pk": 12, "fields": {"action_time": "2025-05-31T03:32:03.313Z", "user": 5, "content_type": 8, "object_id": "3", "object_repr": "Python - Low - What is the output of the following code?\r\nx = 10\r", "action_flag": 2, "change_message": "[]"}}, {"model": "admin.logentry", "pk": 13, "fields": {"action_time": "2025-05-31T03:36:00.283Z", "user": 5, "content_type": 8, "object_id": "4", "object_repr": "Python - Low - Which of the following are valid ways to print a v", "action_flag": 1, "change_message": "[{\"added\": {}}]"}}, {"model": "admin.logentry", "pk": 14, "fields": {"action_time": "2025-05-31T05:07:27.376Z", "user": 5, "content_type": 8, "object_id": "2", "object_repr": "Python - Low - Which data type is used to store a sequence of cha", "action_flag": 2, "change_message": "[{\"changed\": {\"fields\": [\"Correct answer\"]}}]"}}, {"model": "admin.logentry", "pk": 15, "fields": {"action_time": "2025-05-31T05:08:04.769Z", "user": 5, "content_type": 8, "object_id": "2", "object_repr": "Python - Low - Which data type is used to store a sequence of cha", "action_flag": 2, "change_message": "[{\"changed\": {\"fields\": [\"Correct answer\"]}}]"}}, {"model": "admin.logentry", "pk": 16, "fields": {"action_time": "2025-05-31T05:27:52.496Z", "user": 5, "content_type": 8, "object_id": "4", "object_repr": "Python - Low - Which of the following are valid ways to print a v", "action_flag": 2, "change_message": "[{\"changed\": {\"fields\": [\"Correct answer\"]}}]"}}, {"model": "admin.logentry", "pk": 17, "fields": {"action_time": "2025-05-31T05:28:27.149Z", "user": 5, "content_type": 8, "object_id": "4", "object_repr": "Python - Low - Which of the following are valid ways to print a v", "action_flag": 2, "change_message": "[{\"changed\": {\"fields\": [\"Correct answer\"]}}]"}}, {"model": "admin.logentry", "pk": 18, "fields": {"action_time": "2025-05-31T05:28:29.584Z", "user": 5, "content_type": 8, "object_id": "4", "object_repr": "Python - Low - Which of the following are valid ways to print a v", "action_flag": 2, "change_message": "[]"}}, {"model": "admin.logentry", "pk": 19, "fields": {"action_time": "2025-05-31T05:29:23.975Z", "user": 5, "content_type": 8, "object_id": "2", "object_repr": "Python - Low - Which data type is used to store a sequence of cha", "action_flag": 2, "change_message": "[{\"changed\": {\"fields\": [\"Correct answer\"]}}]"}}, {"model": "admin.logentry", "pk": 20, "fields": {"action_time": "2025-05-31T05:33:46.597Z", "user": 5, "content_type": 8, "object_id": "1", "object_repr": "Python - Low - In Python, 3 == \"3\" evaluates to True.", "action_flag": 2, "change_message": "[{\"changed\": {\"fields\": [\"Correct boolean\"]}}]"}}, {"model": "admin.logentry", "pk": 21, "fields": {"action_time": "2025-05-31T05:43:18.008Z", "user": 5, "content_type": 8, "object_id": "5", "object_repr": "Python - Low - Which of the following are valid Python data types", "action_flag": 1, "change_message": "[{\"added\": {}}]"}}, {"model": "admin.logentry", "pk": 22, "fields": {"action_time": "2025-05-31T05:43:33.464Z", "user": 5, "content_type": 8, "object_id": "5", "object_repr": "Python - Low - Which of the following are valid Python data types", "action_flag": 2, "change_message": "[]"}}, {"model": "admin.logentry", "pk": 23, "fields": {"action_time": "2025-05-31T05:44:19.537Z", "user": 5, "content_type": 8, "object_id": "6", "object_repr": "Python - Low - Which of these are Python keywords?", "action_flag": 1, "change_message": "[{\"added\": {}}]"}}, {"model": "admin.logentry", "pk": 24, "fields": {"action_time": "2025-05-31T05:45:03.805Z", "user": 5, "content_type": 8, "object_id": "7", "object_repr": "Python - Low - What is the output of the following code?\r\nprint(3", "action_flag": 1, "change_message": "[{\"added\": {}}]"}}, {"model": "admin.logentry", "pk": 25, "fields": {"action_time": "2025-05-31T05:45:25.593Z", "user": 5, "content_type": 8, "object_id": "8", "object_repr": "Python - Low - What keyword is used to define a function in Pytho", "action_flag": 1, "change_message": "[{\"added\": {}}]"}}, {"model": "admin.logentry", "pk": 26, "fields": {"action_time": "2025-05-31T05:45:47.476Z", "user": 5, "content_type": 8, "object_id": "8", "object_repr": "Python - Low - What keyword is used to define a function in Pytho", "action_flag": 2, "change_message": "[]"}}, {"model": "admin.logentry", "pk": 27, "fields": {"action_time": "2025-05-31T05:46:23.035Z", "user": 5, "content_type": 8, "object_id": "9", "object_repr": "Python - Low - Which of the following is used to define a block o", "action_flag": 1, "change_message": "[{\"added\": {}}]"}}, {"model": "admin.logentry", "pk": 28, "fields": {"action_time": "2025-05-31T05:47:00.213Z", "user": 5, "content_type": 8, "object_id": "9", "object_repr": "Python - Low - Which of the following is used to define a block o", "action_flag": 2, "change_message": "[]"}}, {"model": "admin.logentry", "pk": 29, "fields": {"action_time": "2025-05-31T05:48:00.600Z", "user": 5, "content_type": 8, "object_id": "10", "object_repr": "Python - Low - The keyword else can be used with for loops in Pyt", "action_flag": 1, "change_message": "[{\"added\": {}}]"}}, {"model": "auth.permission", "pk": 1, "fields": {"name": "Can add log entry", "content_type": 1, "codename": "add_logentry"}}, {"model": "auth.permission", "pk": 2, "fields": {"name": "Can change log entry", "content_type": 1, "codename": "change_logentry"}}, {"model": "auth.permission", "pk": 3, "fields": {"name": "Can delete log entry", "content_type": 1, "codename": "delete_logentry"}}, {"model": "auth.permission", "pk": 4, "fields": {"name": "Can view log entry", "content_type": 1, "codename": "view_logentry"}}, {"model": "auth.permission", "pk": 5, "fields": {"name": "Can add permission", "content_type": 2, "codename": "add_permission"}}, {"model": "auth.permission", "pk": 6, "fields": {"name": "Can change permission", "content_type": 2, "codename": "change_permission"}}, {"model": "auth.permission", "pk": 7, "fields": {"name": "Can delete permission", "content_type": 2, "codename": "delete_permission"}}, {"model": "auth.permission", "pk": 8, "fields": {"name": "Can view permission", "content_type": 2, "codename": "view_permission"}}, {"model": "auth.permission", "pk": 9, "fields": {"name": "Can add group", "content_type": 3, "codename": "add_group"}}, {"model": "auth.permission", "pk": 10, "fields": {"name": "Can change group", "content_type": 3, "codename": "change_group"}}, {"model": "auth.permission", "pk": 11, "fields": {"name": "Can delete group", "content_type": 3, "codename": "delete_group"}}, {"model": "auth.permission", "pk": 12, "fields": {"name": "Can view group", "content_type": 3, "codename": "view_group"}}, {"model": "auth.permission", "pk": 13, "fields": {"name": "Can add user", "content_type": 4, "codename": "add_user"}}, {"model": "auth.permission", "pk": 14, "fields": {"name": "Can change user", "content_type": 4, "codename": "change_user"}}, {"model": "auth.permission", "pk": 15, "fields": {"name": "Can delete user", "content_type": 4, "codename": "delete_user"}}, {"model": "auth.permission", "pk": 16, "fields": {"name": "Can view user", "content_type": 4, "codename": "view_user"}}, {"model": "auth.permission", "pk": 17, "fields": {"name": "Can add content type", "content_type": 5, "codename": "add_contenttype"}}, {"model": "auth.permission", "pk": 18, "fields": {"name": "Can change content type", "content_type": 5, "codename": "change_contenttype"}}, {"model": "auth.permission", "pk": 19, "fields": {"name": "Can delete content type", "content_type": 5, "codename": "delete_contenttype"}}, {"model": "auth.permission", "pk": 20, "fields": {"name": "Can view content type", "content_type": 5, "codename": "view_contenttype"}}, {"model": "auth.permission", "pk": 21, "fields": {"name": "Can add session", "content_type": 6, "codename": "add_session"}}, {"model": "auth.permission", "pk": 22, "fields": {"name": "Can change session", "content_type": 6, "codename": "change_session"}}, {"model": "auth.permission", "pk": 23, "fields": {"name": "Can delete session", "content_type": 6, "codename": "delete_session"}}, {"model": "auth.permission", "pk": 24, "fields": {"name": "Can view session", "content_type": 6, "codename": "view_session"}}, {"model": "auth.permission", "pk": 25, "fields": {"name": "Can add quiz user", "content_type": 7, "codename": "add_quizuser"}}, {"model": "auth.permission", "pk": 26, "fields": {"name": "Can change quiz user", "content_type": 7, "codename": "change_quizuser"}}, {"model": "auth.permission", "pk": 27, "fields": {"name": "Can delete quiz user", "content_type": 7, "codename": "delete_quizuser"}}, {"model": "auth.permission", "pk": 28, "fields": {"name": "Can view quiz user", "content_type": 7, "codename": "view_quizuser"}}, {"model": "auth.permission", "pk": 29, "fields": {"name": "Can add question", "content_type": 8, "codename": "add_question"}}, {"model": "auth.permission", "pk": 30, "fields": {"name": "Can change question", "content_type": 8, "codename": "change_question"}}, {"model": "auth.permission", "pk": 31, "fields": {"name": "Can delete question", "content_type": 8, "codename": "delete_question"}}, {"model": "auth.permission", "pk": 32, "fields": {"name": "Can view question", "content_type": 8, "codename": "view_question"}}, {"model": "auth.permission", "pk": 33, "fields": {"name": "Can add quiz result", "content_type": 9, "codename": "add_quizresult"}}, {"model": "auth.permission", "pk": 34, "fields": {"name": "Can change quiz result", "content_type": 9, "codename": "change_quizresult"}}, {"model": "auth.permission", "pk": 35, "fields": {"name": "Can delete quiz result", "content_type": 9, "codename": "delete_quizresult"}}, {"model": "auth.permission", "pk": 36, "fields": {"name": "Can view quiz result", "content_type": 9, "codename": "view_quizresult"}}, {"model": "auth.permission", "pk": 37, "fields": {"name": "Can add quiz session", "content_type": 10, "codename": "add_quizsession"}}, {"model": "auth.permission", "pk": 38, "fields": {"name": "Can change quiz session", "content_type": 10, "codename": "change_quizsession"}}, {"model": "auth.permission", "pk": 39, "fields": {"name": "Can delete quiz session", "content_type": 10, "codename": "delete_quizsession"}}, {"model": "auth.permission", "pk": 40, "fields": {"name": "Can view quiz session", "content_type": 10, "codename": "view_quizsession"}}, {"model": "auth.user", "pk": 1, "fields": {"password": "pbkdf2_sha256$1000000$AqA2Ceu8rFgBaCFdIdCRBy$ZVdN32U+mErRDBCHZ5839rFOTHSfheUDhqJj3lDI6WA=", "last_login": "2025-05-31T07:14:26.297Z", "is_superuser": false, "username": "Aayush", "first_name": "", "last_name": "", "email": "", "is_staff": false, "is_active": true, "date_joined": "2025-05-30T11:00:22.672Z", "groups": [], "user_permissions": []}}, {"model": "auth.user", "pk": 2, "fields": {"password": "pbkdf2_sha256$1000000$AOrpcmM8PAdpnxCIp2vOR2$oELpRx2a47risS2gtDtcwQz8oQkLUwA3lIqn6GLxf/A=", "last_login": "2025-05-31T08:40:57.814Z", "is_superuser": false, "username": "Vaibhav", "first_name": "", "last_name": "", "email": "", "is_staff": false, "is_active": true, "date_joined": "2025-05-30T11:25:05.814Z", "groups": [], "user_permissions": []}}, {"model": "auth.user", "pk": 3, "fields": {"password": "pbkdf2_sha256$1000000$3Tin0SuMqRZRZF6WCm3uVt$T+wDcB4hrKtUHKQ3QXOYAMRSeA4xNinLdoP1peqjp2E=", "last_login": null, "is_superuser": false, "username": "Vba", "first_name": "", "last_name": "", "email": "", "is_staff": false, "is_active": true, "date_joined": "2025-05-30T11:25:45.494Z", "groups": [], "user_permissions": []}}, {"model": "auth.user", "pk": 4, "fields": {"password": "pbkdf2_sha256$1000000$P5cc22frO4Hq3gfB3QNilJ$dM5EVW14ZvSafxEvm+b5x03n7/kECzVqrvaVNgueyhM=", "last_login": "2025-05-30T11:29:18.431Z", "is_superuser": false, "username": "x", "first_name": "", "last_name": "", "email": "", "is_staff": false, "is_active": true, "date_joined": "2025-05-30T11:29:18.220Z", "groups": [], "user_permissions": []}}, {"model": "auth.user", "pk": 5, "fields": {"password": "pbkdf2_sha256$1000000$Gfp9DcgtgPwKS9kQcTpEqB$Uz+0diOBlwWLvMFWAXYXJ4EuBSbrK7XiIGtQpwlH4ow=", "last_login": "2025-05-31T06:55:15.979Z", "is_superuser": true, "username": "ASP", "first_name": "", "last_name": "", "email": "asp@gmail.com", "is_staff": true, "is_active": true, "date_joined": "2025-05-30T11:43:05.117Z", "groups": [], "user_permissions": []}}, {"model": "contenttypes.contenttype", "pk": 1, "fields": {"app_label": "admin", "model": "logentry"}}, {"model": "contenttypes.contenttype", "pk": 2, "fields": {"app_label": "auth", "model": "permission"}}, {"model": "contenttypes.contenttype", "pk": 3, "fields": {"app_label": "auth", "model": "group"}}, {"model": "contenttypes.contenttype", "pk": 4, "fields": {"app_label": "auth", "model": "user"}}, {"model": "contenttypes.contenttype", "pk": 5, "fields": {"app_label": "contenttypes", "model": "contenttype"}}, {"model": "contenttypes.contenttype", "pk": 6, "fields": {"app_label": "sessions", "model": "session"}}, {"model": "contenttypes.contenttype", "pk": 7, "fields": {"app_label": "quiz_app", "model": "quizuser"}}, {"model": "contenttypes.contenttype", "pk": 8, "fields": {"app_label": "quiz_app", "model": "question"}}, {"model": "contenttypes.contenttype", "pk": 9, "fields": {"app_label": "quiz_app", "model": "quizresult"}}, {"model": "contenttypes.contenttype", "pk": 10, "fields": {"app_label": "quiz_app", "model": "quizsession"}}, {"model": "quiz_app.quizuser", "pk": 1, "fields": {"user": 1, "name": "Aayush", "created_at": "2025-05-30T11:08:22.417Z"}}, {"model": "quiz_app.quizuser", "pk": 2, "fields": {"user": 2, "name": "Vaibhav", "created_at": "2025-05-30T11:25:06.046Z"}}, {"model": "quiz_app.quizuser", "pk": 3, "fields": {"user": 3, "name": "Vaibhav", "created_at": "2025-05-30T11:25:45.699Z"}}, {"model": "quiz_app.quizuser", "pk": 4, "fields": {"user": 4, "name": "XYZ", "created_at": "2025-05-30T11:29:18.423Z"}}, {"model": "quiz_app.quizuser", "pk": 5, "fields": {"user": 5, "name": "ASP", "created_at": "2025-05-31T04:07:45.285Z"}}, {"model": "quiz_app.question", "pk": 1, "fields": {"language": "Python", "difficulty": "Low", "question_type": "boolean", "question_text": "In Python, 3 == \"3\" evaluates to True.", "option_a": "", "option_b": "", "option_c": "", "option_d": "", "option_e": "", "correct_answer": "", "correct_boolean": false, "created_at": "2025-05-30T11:47:51.328Z"}}, {"model": "quiz_app.question", "pk": 2, "fields": {"language": "Python", "difficulty": "Low", "question_type": "single_choice", "question_text": "Which data type is used to store a sequence of characters?", "option_a": "int", "option_b": "float", "option_c": "string", "option_d": "boolean", "option_e": "", "correct_answer": "C", "correct_boolean": null, "created_at": "2025-05-31T03:30:52.831Z"}}, {"model": "quiz_app.question", "pk": 3, "fields": {"language": "Python", "difficulty": "Low", "question_type": "text", "question_text": "What is the output of the following code?\r\nx = 10\r\nprint(x)", "option_a": "", "option_b": "", "option_c": "", "option_d": "", "option_e": "", "correct_answer": "10", "correct_boolean": null, "created_at": "2025-05-31T03:32:00.847Z"}}, {"model": "quiz_app.question", "pk": 4, "fields": {"language": "Python", "difficulty": "Low", "question_type": "multiple_choice", "question_text": "Which of the following are valid ways to print a value to the console in Python?", "option_a": "print(\"Hello, world!\")", "option_b": "output(\"Hello, world!\")", "option_c": "display(\"Hello, world!\")", "option_d": "echo(\"Hello, world!\") (e) print(\"Hello, world!\", end=\"\")", "option_e": "print(\"Hello, world!\", end=\"\")", "correct_answer": "A,E", "correct_boolean": null, "created_at": "2025-05-31T03:36:00.282Z"}}, {"model": "quiz_app.question", "pk": 5, "fields": {"language": "Python", "difficulty": "Low", "question_type": "multiple_choice", "question_text": "Which of the following are valid Python data types?", "option_a": "int", "option_b": "bool", "option_c": "real", "option_d": "str", "option_e": "", "correct_answer": "A,B,D", "correct_boolean": null, "created_at": "2025-05-31T05:43:18.007Z"}}, {"model": "quiz_app.question", "pk": 6, "fields": {"language": "Python", "difficulty": "Low", "question_type": "multiple_choice", "question_text": "Which of these are Python keywords?", "option_a": "def", "option_b": "class", "option_c": "import", "option_d": "define", "option_e": "", "correct_answer": "A,B,C", "correct_boolean": null, "created_at": "2025-05-31T05:44:19.536Z"}}, {"model": "quiz_app.question", "pk": 7, "fields": {"language": "Python", "difficulty": "Low", "question_type": "text", "question_text": "What is the output of the following code?\r\nprint(3 + 2 * 2)", "option_a": "", "option_b": "", "option_c": "", "option_d": "", "option_e": "", "correct_answer": "7", "correct_boolean": null, "created_at": "2025-05-31T05:45:03.804Z"}}, {"model": "quiz_app.question", "pk": 8, "fields": {"language": "Python", "difficulty": "Low", "question_type": "text", "question_text": "What keyword is used to define a function in Python?", "option_a": "", "option_b": "", "option_c": "", "option_d": "", "option_e": "", "correct_answer": "def", "correct_boolean": null, "created_at": "2025-05-31T05:45:25.592Z"}}, {"model": "quiz_app.question", "pk": 9, "fields": {"language": "Python", "difficulty": "Low", "question_type": "single_choice", "question_text": "Which of the following is used to define a block of code in Python?", "option_a": "Curly braces {}", "option_b": "Parentheses ()", "option_c": "Indentation", "option_d": "Square brackets []", "option_e": "", "correct_answer": "C", "correct_boolean": null, "created_at": "2025-05-31T05:46:23.035Z"}}, {"model": "quiz_app.question", "pk": 10, "fields": {"language": "Python", "difficulty": "Low", "question_type": "boolean", "question_text": "The keyword else can be used with for loops in Python.", "option_a": "", "option_b": "", "option_c": "", "option_d": "", "option_e": "", "correct_answer": "", "correct_boolean": true, "created_at": "2025-05-31T05:48:00.599Z"}}, {"model": "quiz_app.quizresult", "pk": 1, "fields": {"user": 1, "language": "Python", "difficulty": "Low", "score": 1, "total_time": "00:00:46.603526", "completed_at": "2025-05-31T03:40:23.909Z"}}, {"model": "quiz_app.quizresult", "pk": 2, "fields": {"user": 1, "language": "Python", "difficulty": "Low", "score": 1, "total_time": "00:00:16.210632", "completed_at": "2025-05-31T03:43:06.591Z"}}, {"model": "quiz_app.quizresult", "pk": 3, "fields": {"user": 1, "language": "Python", "difficulty": "Low", "score": 0, "total_time": "00:00:12.334910", "completed_at": "2025-05-31T03:51:14.483Z"}}, {"model": "quiz_app.quizresult", "pk": 4, "fields": {"user": 1, "language": "Python", "difficulty": "Low", "score": 0, "total_time": "00:00:07.581991", "completed_at": "2025-05-31T03:55:12.076Z"}}, {"model": "quiz_app.quizresult", "pk": 5, "fields": {"user": 5, "language": "Python", "difficulty": "Low", "score": 1, "total_time": "00:00:09.638647", "completed_at": "2025-05-31T04:10:49.244Z"}}, {"model": "quiz_app.quizresult", "pk": 6, "fields": {"user": 5, "language": "Python", "difficulty": "Low", "score": 0, "total_time": "00:00:02.703626", "completed_at": "2025-05-31T04:14:32.661Z"}}, {"model": "quiz_app.quizresult", "pk": 7, "fields": {"user": 1, "language": "Python", "difficulty": "Low", "score": 0, "total_time": "00:00:02.663514", "completed_at": "2025-05-31T04:17:01.437Z"}}, {"model": "quiz_app.quizresult", "pk": 8, "fields": {"user": 1, "language": "Python", "difficulty": "Low", "score": 0, "total_time": "00:00:03.156494", "completed_at": "2025-05-31T04:18:47.011Z"}}, {"model": "quiz_app.quizresult", "pk": 9, "fields": {"user": 1, "language": "Python", "difficulty": "Low", "score": 1, "total_time": "00:00:16.807348", "completed_at": "2025-05-31T04:19:17.655Z"}}, {"model": "quiz_app.quizresult", "pk": 10, "fields": {"user": 1, "language": "Python", "difficulty": "Low", "score": 0, "total_time": "00:00:02.899272", "completed_at": "2025-05-31T04:21:57.886Z"}}, {"model": "quiz_app.quizresult", "pk": 11, "fields": {"user": 1, "language": "Python", "difficulty": "Low", "score": 1, "total_time": "00:00:31.641925", "completed_at": "2025-05-31T04:25:48.832Z"}}, {"model": "quiz_app.quizresult", "pk": 12, "fields": {"user": 1, "language": "Python", "difficulty": "Low", "score": 1, "total_time": "00:00:19.003625", "completed_at": "2025-05-31T04:26:11.498Z"}}, {"model": "quiz_app.quizresult", "pk": 13, "fields": {"user": 1, "language": "Python", "difficulty": "Low", "score": 0, "total_time": "00:00:04.510393", "completed_at": "2025-05-31T04:26:21.006Z"}}, {"model": "quiz_app.quizresult", "pk": 14, "fields": {"user": 2, "language": "Python", "difficulty": "Low", "score": 2, "total_time": "00:00:45.694342", "completed_at": "2025-05-31T04:40:01.371Z"}}, {"model": "quiz_app.quizresult", "pk": 15, "fields": {"user": 1, "language": "Python", "difficulty": "Low", "score": 2, "total_time": "00:00:17.405003", "completed_at": "2025-05-31T04:41:10.456Z"}}, {"model": "quiz_app.quizresult", "pk": 16, "fields": {"user": 1, "language": "Python", "difficulty": "Low", "score": 2, "total_time": "00:00:09.121026", "completed_at": "2025-05-31T04:41:27.349Z"}}, {"model": "quiz_app.quizresult", "pk": 17, "fields": {"user": 1, "language": "Python", "difficulty": "Low", "score": 1, "total_time": "00:00:06.209251", "completed_at": "2025-05-31T04:41:36.779Z"}}, {"model": "quiz_app.quizresult", "pk": 18, "fields": {"user": 1, "language": "Python", "difficulty": "Low", "score": 1, "total_time": "00:00:04.146939", "completed_at": "2025-05-31T04:41:45.224Z"}}, {"model": "quiz_app.quizresult", "pk": 19, "fields": {"user": 1, "language": "Python", "difficulty": "Low", "score": 0, "total_time": "00:00:04.109169", "completed_at": "2025-05-31T04:41:52.630Z"}}, {"model": "quiz_app.quizresult", "pk": 20, "fields": {"user": 5, "language": "Python", "difficulty": "Low", "score": 1, "total_time": "00:00:08.742206", "completed_at": "2025-05-31T05:06:42.160Z"}}, {"model": "quiz_app.quizresult", "pk": 21, "fields": {"user": 5, "language": "Python", "difficulty": "Low", "score": 0, "total_time": "00:00:06.117422", "completed_at": "2025-05-31T05:07:38.603Z"}}, {"model": "quiz_app.quizresult", "pk": 22, "fields": {"user": 5, "language": "Python", "difficulty": "Low", "score": 0, "total_time": "00:00:32.100492", "completed_at": "2025-05-31T05:08:16.506Z"}}, {"model": "quiz_app.quizresult", "pk": 23, "fields": {"user": 5, "language": "Python", "difficulty": "Low", "score": 0, "total_time": "00:11:44.588054", "completed_at": "2025-05-31T05:20:19.450Z"}}, {"model": "quiz_app.quizresult", "pk": 24, "fields": {"user": 5, "language": "Python", "difficulty": "Low", "score": 0, "total_time": "00:00:04.445146", "completed_at": "2025-05-31T05:28:02.270Z"}}, {"model": "quiz_app.quizresult", "pk": 25, "fields": {"user": 5, "language": "Python", "difficulty": "Low", "score": 1, "total_time": "00:00:27.284070", "completed_at": "2025-05-31T05:28:34.653Z"}}, {"model": "quiz_app.quizresult", "pk": 26, "fields": {"user": 5, "language": "Python", "difficulty": "Low", "score": 0, "total_time": "00:00:05.894132", "completed_at": "2025-05-31T05:28:57.903Z"}}, {"model": "quiz_app.quizresult", "pk": 27, "fields": {"user": 5, "language": "Python", "difficulty": "Low", "score": 4, "total_time": "00:00:10.787421", "completed_at": "2025-05-31T05:29:38.138Z"}}, {"model": "quiz_app.quizresult", "pk": 28, "fields": {"user": 5, "language": "Python", "difficulty": "Low", "score": 4, "total_time": "00:01:24.113045", "completed_at": "2025-05-31T05:34:25.813Z"}}, {"model": "quiz_app.quizresult", "pk": 29, "fields": {"user": 5, "language": "Python", "difficulty": "Low", "score": 0, "total_time": "00:00:35.207914", "completed_at": "2025-05-31T05:48:40.376Z"}}, {"model": "quiz_app.quizresult", "pk": 30, "fields": {"user": 5, "language": "Python", "difficulty": "Low", "score": 10, "total_time": "00:00:56.988174", "completed_at": "2025-05-31T05:49:41.891Z"}}, {"model": "quiz_app.quizresult", "pk": 31, "fields": {"user": 5, "language": "Python", "difficulty": "Low", "score": 2, "total_time": "00:00:22.655996", "completed_at": "2025-05-31T05:51:23.269Z"}}, {"model": "quiz_app.quizresult", "pk": 32, "fields": {"user": 5, "language": "Python", "difficulty": "Low", "score": 1, "total_time": "00:00:09.762584", "completed_at": "2025-05-31T05:51:37.245Z"}}, {"model": "quiz_app.quizresult", "pk": 33, "fields": {"user": 5, "language": "Python", "difficulty": "Low", "score": 1, "total_time": "00:00:07.273044", "completed_at": "2025-05-31T05:51:49.421Z"}}, {"model": "quiz_app.quizresult", "pk": 34, "fields": {"user": 5, "language": "Python", "difficulty": "Low", "score": 1, "total_time": "00:00:05.102337", "completed_at": "2025-05-31T05:55:44.992Z"}}, {"model": "quiz_app.quizresult", "pk": 35, "fields": {"user": 1, "language": "Python", "difficulty": "Low", "score": 1, "total_time": "00:00:13.043458", "completed_at": "2025-05-31T05:57:37.075Z"}}, {"model": "quiz_app.quizresult", "pk": 36, "fields": {"user": 1, "language": "Python", "difficulty": "Low", "score": 1, "total_time": "00:00:06.444991", "completed_at": "2025-05-31T05:57:50.371Z"}}, {"model": "quiz_app.quizresult", "pk": 37, "fields": {"user": 1, "language": "Python", "difficulty": "Low", "score": 1, "total_time": "00:00:08.104777", "completed_at": "2025-05-31T05:58:47.601Z"}}, {"model": "quiz_app.quizresult", "pk": 38, "fields": {"user": 1, "language": "Python", "difficulty": "Low", "score": 1, "total_time": "00:00:05.156487", "completed_at": "2025-05-31T06:00:42.821Z"}}, {"model": "quiz_app.quizresult", "pk": 39, "fields": {"user": 1, "language": "Python", "difficulty": "Low", "score": 0, "total_time": "00:00:04.412113", "completed_at": "2025-05-31T06:03:12.025Z"}}, {"model": "quiz_app.quizresult", "pk": 40, "fields": {"user": 1, "language": "Python", "difficulty": "Low", "score": 0, "total_time": "00:00:07.977072", "completed_at": "2025-05-31T06:04:13.866Z"}}, {"model": "quiz_app.quizresult", "pk": 41, "fields": {"user": 1, "language": "Python", "difficulty": "Low", "score": 0, "total_time": "00:00:03.893201", "completed_at": "2025-05-31T06:09:47.387Z"}}, {"model": "quiz_app.quizresult", "pk": 42, "fields": {"user": 1, "language": "Python", "difficulty": "Low", "score": 0, "total_time": "00:02:01.304108", "completed_at": "2025-05-31T06:17:03.481Z"}}, {"model": "quiz_app.quizresult", "pk": 43, "fields": {"user": 1, "language": "Python", "difficulty": "Low", "score": 5, "total_time": "00:01:12.225113", "completed_at": "2025-05-31T06:18:30.878Z"}}, {"model": "quiz_app.quizresult", "pk": 44, "fields": {"user": 1, "language": "Python", "difficulty": "Low", "score": 0, "total_time": "00:07:52.725895", "completed_at": "2025-05-31T06:26:47.817Z"}}, {"model": "quiz_app.quizresult", "pk": 45, "fields": {"user": 1, "language": "Python", "difficulty": "Low", "score": 0, "total_time": "00:00:03.823756", "completed_at": "2025-05-31T06:29:14.485Z"}}, {"model": "quiz_app.quizresult", "pk": 46, "fields": {"user": 1, "language": "Python", "difficulty": "Low", "score": 0, "total_time": "00:00:04.992559", "completed_at": "2025-05-31T06:30:06.279Z"}}, {"model": "quiz_app.quizresult", "pk": 47, "fields": {"user": 1, "language": "Python", "difficulty": "Low", "score": 0, "total_time": "00:00:03.747633", "completed_at": "2025-05-31T06:30:35.198Z"}}, {"model": "quiz_app.quizresult", "pk": 48, "fields": {"user": 1, "language": "Python", "difficulty": "Low", "score": 0, "total_time": "00:00:03.605926", "completed_at": "2025-05-31T06:31:53.451Z"}}, {"model": "quiz_app.quizresult", "pk": 49, "fields": {"user": 1, "language": "Python", "difficulty": "Low", "score": 1, "total_time": "00:00:26.612368", "completed_at": "2025-05-31T06:32:42.966Z"}}, {"model": "quiz_app.quizresult", "pk": 50, "fields": {"user": 1, "language": "Python", "difficulty": "Low", "score": 5, "total_time": "00:00:23.681033", "completed_at": "2025-05-31T06:48:08.302Z"}}, {"model": "quiz_app.quizresult", "pk": 51, "fields": {"user": 1, "language": "Python", "difficulty": "Low", "score": 0, "total_time": "00:00:06.026349", "completed_at": "2025-05-31T07:04:48.722Z"}}, {"model": "quiz_app.quizsession", "pk": 14, "fields": {"user": 1, "language": "Python", "difficulty": "Low", "start_time": "2025-05-31T04:31:10.616Z", "questions": "[4, 1, 3, 2]"}}, {"model": "quiz_app.quizsession", "pk": 15, "fields": {"user": 1, "language": "Python", "difficulty": "Low", "start_time": "2025-05-31T04:32:58.509Z", "questions": "[4, 3, 2, 1]"}}, {"model": "quiz_app.quizsession", "pk": 16, "fields": {"user": 1, "language": "Python", "difficulty": "Low", "start_time": "2025-05-31T04:34:11.883Z", "questions": "[2, 1, 4, 3]"}}, {"model": "quiz_app.quizsession", "pk": 17, "fields": {"user": 1, "language": "Python", "difficulty": "Low", "start_time": "2025-05-31T04:35:38.258Z", "questions": "[1, 3, 2, 4]"}}, {"model": "quiz_app.quizsession", "pk": 18, "fields": {"user": 1, "language": "Python", "difficulty": "Low", "start_time": "2025-05-31T04:35:50.980Z", "questions": "[4, 1, 2, 3]"}}, {"model": "quiz_app.quizsession", "pk": 19, "fields": {"user": 1, "language": "Python", "difficulty": "Low", "start_time": "2025-05-31T04:36:58.217Z", "questions": "[2, 1, 3, 4]"}}, {"model": "quiz_app.quizsession", "pk": 26, "fields": {"user": 1, "language": "Python", "difficulty": "Low", "start_time": "2025-05-31T04:41:57.890Z", "questions": "[2, 4, 1, 3]"}}, {"model": "quiz_app.quizsession", "pk": 27, "fields": {"user": 5, "language": "Python", "difficulty": "Low", "start_time": "2025-05-31T05:06:07.147Z", "questions": "[3, 1, 4, 2]"}}, {"model": "quiz_app.quizsession", "pk": 58, "fields": {"user": 1, "language": "Python", "difficulty": "Low", "start_time": "2025-05-31T06:33:28.153Z", "questions": "[9, 1, 2, 7, 5, 6, 3, 10, 8, 4]"}}]